"E’ del tutto evidente che la facoltà del linguaggio sia esclusiva degli esseri umani: se ad esempio un bambino e un cagnolino crescono insieme, dopo pochi mesi di vita il bambino manifesterà immancabilmente i segni della sua predisposizione ad imparare una o più lingue, cosa che non avverrà per il cucciolo. D’altra parte, è evidente che anche tra gli animali esistono forme di comunicazione, e possiamo chiederci in che cosa tali sistemi differiscano dalla comunicazione linguistica umana e, allo stesso tempo, se vi siano elementi comuni (UniFe, Laura Bafile)

Quale delle seguenti affermazioni è in accordo con quanto sostenuto nel brano?
"#i cani e i bambini hanno un'influenza diversa sull’ambiente esterno#Nonostante il linguaggio sia usato solo dagli uomini, anche gli animali comunicano, sebbene in modo diverso#Anche se il linguaggio è usato anche dagli animali, gli uomini possono considerarsi i primi ad averlo trasmesso#Gli uomini sono gli inventori del linguaggio e sono orgogliosi a tal punto da considerare ogni altra forma di comunicazione “non linguaggio”#Quesito senza soluzione univoca e/o corretta#E#Leggendo l’intero brano e leggendo le alternative è intuitivo capire che la risposta corretta non è presente tra quelle proposte, quindi è la E. Ogni alternativa proposta è infatti fuorviante, dal momento che non ripete in alcun modo i concetti espressi dal brano ed è facilmente scartabile. Soprattutto per quanto riguarda le opzioni B e C, queste sono deduzioni che non si basano su nessun principio espresso dal brano.
"Perché si pensa? Non è probabilmente una necessità assoluta, giacchè molte specie viventi hanno l’aria di vivere senza pensare. Allora perché si pensa? Se lo sapessi, lo si saprebbe. Ciò che posso proporvi sono soltanto piste di riflessione. La prima è che il pensiero fa parte del sistema di paraeccitazione del bambino. Sapete che il bambino nasce prematuro rispetto ad altre specie, che ha assolutamente bisogno dell’ambiente degli adulti della sua specie come ausiliari di tutta una serie delle sue funzioni. Questo è del tutto evidente per i bisogni corporei: all’inizio, ha bisogno che la madre provveda alla sua alimentazione, alla sua sicurezza, alla sua crescita e poi, poco a poco, assumerà per conto proprio tutta una serie di queste funzioni e potrà vegliare da sé alla propria sicurezza, fame, toilette…

Quale delle seguenti affermazioni non è in accordo con quanto sostenuto nel brano?
"#Ancora non si sono avute risposte concrete sul perché si pensi#I cuccioli di cane sono ad un livello intellettivo maggiore dei bambini, appena nati#In Europa diversi tipi di animali si trovano ogni giorno a dover combattere per essere autosufficienti e provvedere da sé per tutti i bisogni corporei#Quesito senza soluzione univoca e/o corretta#I bambini quando nascono non sono autosufficienti#D#Sia l’alternativa B che l’alternativa C non sono in accordo con quanto sostenuto nel brano, che sostiene che i bambini appena nascono non sono autosufficienti e che solo con il controllo da parte degli adulti possono divenirlo in futuro. Anche qui B e C sono deduzioni che non si basano su concetti espressi dal brano, mentre le altre alternative, la A e la E sono facilmente deducibili dal brano. 
"Il Primo Soccorso è l’aiuto che chiunque può prestare ad una o più persone, vittime di un incidente o di un malore, nell’attesa dell’arrivo di un soccorso qualificato. Differisce quindi dal “Pronto Soccorso” che è effettuato da personale specializzato con strumenti e terapie adeguate, direttamente sul luogo dell’evento, durante il trasporto della vittima sul mezzo di soccorso ed infine in Ospedale. Questo servizio, detto Sistema Emergenza Urgenza, corrisponde ad un numero unico (118) su tutto il territorio nazionale per le chiamate relative ad emergenze ed al soccorso. Il primo soccorritore rappresenta un ponte tra l’avvenuto infortunio o malore e il Soccorso qualificato.
Quale delle seguenti affermazioni è sostenuta dal brano?
"#in caso si assista ad un incidente, è meglio aspettare che arrivi il personale specializzato#Il primo soccorritore è tenuto ad assistere il personale specializzato durante il trasporto della vittima sul mezzo di soccorso#Primo soccorso e Pronto soccorso sono servizi effettuati da persone diverse#Il Primo soccorso è inutile se non seguito dal Pronto soccorso#Quesito senza soluzione univoca e/o corretta#C#Il testo che vi presentiamo è un testo informativo, che tutti dovrebbero aver letto almeno una volta e che potrebbe trarre in inganno in quanto, nei quesiti di comprensione del testo, si deve rispondere esclusivamente in base alle conoscenze che il testo dà e non in base a quelle che si hanno. Quindi, in questo caso, avere informazioni in più sul Primo Soccorso e sul Pronto soccorso non avrebbe aiutato alla risoluzione del quesito. Ci si deve eclissare e capire SOLO quello che il brano ha da dirci. L’unica cosa che possiamo dedurre dal brano è quanto affermato dall’opzione C, tutte le altre opzioni sono fuorvianti e non c’entrano con quanto espresso dal brano.
Se A=7, B=16, C=B-A, D=40, DADO=120, CADO=?#140#123#98#89#56#D#Attraverso semplici calcoli troverai che C=9, da DADO ricaverai che O=33 e, di conseguenza, CADO sarà uguale a 89.
"Completa la seguente proporzione verbale:
TESTO:UFTUP=LIBRO: ?
"#JFHE#EIFJ#OEPE#KDJE#MLCSP#E#Anche in questo caso la risoluzione di questo quesito era particolarmente intuitiva. Se ci fai caso, UFTUP sono l’insieme di lettere che viene, nell’alfabeto, dopo le lettere che compongono TESTO. Dopo la T c’è la U, dopo la E c’è la F e via dicendo. Risulta facile a questo punto determinare la risposta corretta, che è la E.
La torba è un materiale organico che cresce in zone umide. E' il materiale migliore per la crescita delle piante, ed è molto richiesta nel mercato dei giardinieri, professionisti e non. Purtroppo, però, solo il 3% del suolo terrestre è composto di torba, e continuare a raccoglierla per soddisfare le richieste del mercato potrebbe danneggiare e compromettere questi habitat naturali.La raccolta della torba  dovrebbe essere fermata al più presto e gli addetti al settore del giardinaggio dovrebbero essere incentivati e aiutati a trovare mezzi alternativi.Quale delle seguenti affermazioni rappresenta al meglio la conclusione del ragionamento sopra espresso?#" 
Solo il 3% del suolo terrestre è ricoperto di torba"#Utilizzare troppa torba distruggerà il terreno dove la torba cresce#"  
La torba cresce solo in zone umide"#Sarebbe meglio non raccogliere più torba e trovare metodi alternativi coadiuvanti alla crescita delle piante#La torba è un materiale coadiuvante molto popolare usato da giardinieri e professionisti del settore#D#"La conclusione di un brano è da intendersi come quella proposizione capace di descrivere in breve cosa il brano stia proponendo ai lettori. Trovare questa proposizione non è affatto complesso, infatti i termini che ci permettono di individuarla sono situati molto spesso al termine del ragionamento nel testo, nelle sue ultime righe. In questo caso il testo descrive quali siano le problematiche legate al continuo utilizzo del materiale in questione e lo fa per giungere a delle conclusioni ben precise: bisogna cambiare le abitudini, per trovare metodi alternativi per supportare la crescita delle piante, sensibilizzando appunto gli agricoltori. Ecco perché: “Sarebbe meglio non raccogliere più torba e trovare metodi alternativi coadiuvanti alla crescita delle piante” rappresenta in questo senso la proposizione cercata dal quesito. 
Le altre proposizioni indicate descrivono un presupposto su cui il brano poggia oppure riprendono solamente un’argomentazione a favore della tesi.
"
"Completare la seguente proporzione:
Automobile : X = Cellula procariotica : Y
"#parcheggio, tessuto#volante, ribosomi#parcheggio, nucleo#volante, nucleo#volante, tessuto#B#"Il ragionamento da seguire è: Oggetto : parte di esso.
Le risposte A ed E non vanno bene perché le cellule procariotiche, come ci insegna la biologia, non si aggregano a formare tessuti, C e D sono sbagliate perché esse sono prive di nucleo.
La risposta corretta è la B: il volante è parte dell’automobile, i ribosomi sono parte di una cellula procariotica.
"
Individuare il termine non logicamente connesso agli altri:#Aeroplano#Autobus# Valige#Tavolo#Sapone#C#Il termine non connesso agli altri è, in questo caso, la parola “valige”, in quanto è l’unica ad essere grammaticalmente scorretta nel gruppo.
"Quali parole vanno sostituite ai numeri per dare un senso compiuto e logico alla frase seguente?
Il settore a più alta densità di potenziali controlli è quello dell'ambiente e della sicurezza nei luoghi di lavoro. Le voci più a 'rischio' riguardano la _____(1)______ dell’efficienza degli impianti (elettrici, idrici, gas, etc.) e il rispetto delle norme antincendio. In entrambi i casi sono 6 diversi enti che hanno specifiche _____(2)______ in materia di controllo.
"#(1) competenza, (2) libertà#(1) sicurezza, (2) sanzioni#(1) sicurezza, (2) problematiche#(1) conformità, (2) sanzioni#(1) conformità, (2) competenze#E#Nei testi bucati si agisce sempre per esclusione. Esaminando le possibili opzioni per il secondo spazio, possiamo già eliminare le alternative B, C e D, in quanto contrastano il senso del paragrafo. Lo stesso vale per il primo spazio della A. Rimane dunque l’alternativa E, che è quella corretta.
"Un acquario con i pesci costa 3200 €. Senza pesci, lo stesso acquario costa 2000 € in più della totalità dei pesci. Quanto costano tutti i pesci? 

"#1200 euro#1000 euro#800 euro#600 euro#400 euro#D#"
La risoluzione del quesito può trarre in inganno molto facilmente. Se hai avuto un occhio attento alla traccia, in fatti, non avrai semplicemente sottratto 3200 – 2000. 
In questo caso il metodo di risoluzione più sicuro da adottare è costruire un sistema matematico in grado di descrivere sinteticamente e inequivocabilmente la situazione descritta. 
Chiamiamo A il prezzo del solo acquario e P il prezzo della totalità dei pesci. 
Primo assunto: A + P = 3200;
Secondo assunto: A = P + 2000;
Sostituiamo il valore di A appena ottenuto in funzione di B nel primo assunto, ottenendo: 
P + 2000 + P = 3200; 
2P = 1200; 
P = 600. 
Il prezzo dei soli pesci, in definitiva, è pari a 600 euro. 
Infatti, volendo verificare la risposta, sottraendo il prezzo dei pesci al totale (3200), si ottiene 2600, a conferma del fatto che il solo acquario costi 600 euro in più dei pesci. 
"
"Un maneggio è capace di sfamare 10 cavalli per una settimana con 210 kg di fieno. 
Quanti chilogrammi di fieno servirebbero invece per mantenere 14 cavalli per 17 giorni, ammesso che tutti i cavalli mangino la stessa quota di fieno?
"#568 Kg#588 Kg#658 Kg#714 Kg#784 Kg#D#"
Il primo passo che possiamo svolgere è capire quanto mangi un cavallo in un giorno. A partire da questo, infatti, possiamo dedurre logicamente quanto mangino 14 cavalli in 17 giorni. 
Se 10 cavalli mangiano 210 Kg di fieno in 7 giorni, ognuno di questi ne mangerà 21 Kg. 
21 Kg in una settimana equivale a dire 3 Kg di fieno per ogni cavallo ogni giorno. 
Un cavallo, per 17 giorni, avrà allora bisogno di 17 volte 3 Kg di fieno, cioè 51 Kg. 
Se un cavallo mangia 51 Kg di fieno in 17 giorni, 14 cavalli ne mangeranno 14 volte tanto, ovvero 51 X 14 = 714 Kg. 


"
"Un treno percorre ogni giorno quattro tratte:
Da A a B, distanti 12 Km, in 6 minuti; 
Da B a C, distanti 45 Km, in 20 minuti; 
Da C a D, distanti 8 Km, in 6 minuti; 
Da D a A, distanti 65 Km, in 20 minuti;

Sulla base di queste, si stimi la velocità media (V) e la media della velocità (M) del treno sulle tratte. 

"#V = circa 145 Km/h; M = circa 132 Km/h;#V = circa 128 Km/h; M = circa 156 Km/h;#V = circa 140 Km/h; M = circa 156 Km/h;#V = circa 142 Km/h; M = circa 118 Km/h;#V = circa 158 Km/h; M = circa 135 Km/h; #A#"
Per rispondere al quesito bisogna innanzitutto avere chiara la differenza tra velocità media e media della velocità. 
La velocità media è infatti da calcolare considerando il tempo complessivo in cui il treno è in moto e lo spazio complessivo che viene percorso in quel tempo. Dunque t = 52 minuti, s = 130 Km; 
La velocità media è quindi circa pari a 130 Km / 0,9 h (ore) = circa 145 Km/h. 
La media delle velocità invece è da calcolare in modo differente. Infatti con questo valore si intende la media matematica di tutte le differenti velocità che il terno ha avuto nelle quattro tratte. 
Il primo passo è quindi calcolare la velocità del treno in ogni tratta, ottenendo così le seguenti velocità: 120 Km/h, 135 Km/h, 80 Km/h, 195 Km/h. 
La media tra queste non è altro che la somma dei valori fratto il numero di valori, 4. 
120 + 135 + 80 + 195 = 530. 
530 / 4 = circa 132 Km/h
"
"Si considerino i due insiemi (A e B) di valori riportati di seguito. Si individui quindi, tra i proposti, l’insieme C di valori tale per cui ad ogni valore di A corrisponda uno ed un solo valore di C capace di rimandare ad uno ed un solo valore dell’insieme B attraverso una relazione logica da dedurre. 

A (4, 6, 2, 5); B (2; 12; 10; 18).

"#C (1, 8, 3, 2)#C (2, 3, 3, 1)#C (3, 1, 5, 6)#C (4; 1; 1; 2)#C (2, 2, 3, 1)#B#"
Per rispondere al quesito in modo abbastanza rapido, è prima necessario cercare di capire quale sia la relazione logica capace di legare l’insieme A e l’insieme B.
Appare subito evidente che tutti i valori di A possiedono un proprio multiplo nell’insieme B, dunque la relazione logica capace di legare i due insiemi potrebbe verosimilmente essere la moltiplicazione. Vediamo se effettivamente esiste un insieme C contenente dei valori che, moltiplicati ad i valori di A, restituiscano i valori di B. 
Ci accorgiamo che per l’insieme descritto nell’alternativa B è proprio così, infatti: 4 X 3 = 12; 
6 X 3 = 18; 2 X 1 = 2; 5 X 2 = 10. 
"
"Si completi la successione alpha - numerica proposta seguendo il criterio logico alla base della stessa: 2, 2, D, A, 4, 1, B, D, - ; 

"#A#8#H #16#R#E#"
La successione alpha numerica (per nulla semplice, lo ammettiamo), segue innanzitutto il seguente criterio: numero, numero, lettera, lettera, numero, numero, lettera, lettera… e così via. 
Inoltre, come accade praticamente sempre nelle successioni alpha numeriche, ad ogni lettera corrisponde il proprio numero nell’alfabeto (es. D = 4). 
La successione può quindi venire così resa: 2, 2, 4, 1, 4, 1, 2, 4, -; 
La successione viene ora interpretata a triplette. Ogni primo termine di ogni tripletta viene succeduto dall’esponente che è necessario attribuirgli per ottenere il numero ancora seguente (es. 2^2 = 4; 1^4 = 1; 2^4 = 16): La terza tripletta è appunto quella da completare con criterio, alla luce del ragionamento appena esposto. 2 elevato 4 restituisce 16. 
Visto che dobbiamo però rendere questo numero in lettere (per rispettare la sequenza: numero, numero, lettera, lettera…), l’alternativa da scegliere è quella che indica appunto “R”. 

"
"La media di Giangiacomo per i primi esami universitari è di 28/30, tuttavia ha deciso di portarla ad almeno 29 entro la fine dell’anno.
Fino a questo momento, sommando il valore in termini di c.f.u. di tutti gli esami sostenuti, il numero di c.f.u. conseguiti è stato 40. Nella sua università, inoltre, un singolo esame non può valere più di 12 c.f.u.
Ammesso che da questo momento fino alla chiusura dell’anno accademico Giangiacomo riesca ad ottenere il massimo punteggio ad ogni esame, qual è il numero minimo di esami che è necessario e sufficiente sostenere affinché la sua media si alzi di 1/30? 
"#2#3#4#5#6#C#"
Esistono numerose vie che è possibile percorrere per giungere alla soluzione del problema, come è ovvio dal momento che il quesito è appunto di ragionamento logico matematico. 
Il metodo che ci sembra più immediato è tuttavia il seguente: 
Poniamo la questione in un altro termine: qual è il valore minimo di c.f.u. che un singolo esame a cui Giangiacomo prende 30 deve possedere affinché la media passi da 28 a 29? 
A questo punto utilizziamo la formula per il calcolo della media ponderata, utilizzando come fattore di ponderazione dei valori (il voto agli esami) il numero di c.f.u. relativo. 

[(28) X (40) + (30) X (CFU)] / (40) X (CFU) = 29. 

Detta a parole, moltiplichiamo il valore degli esami per il relativo fattore di ponderazione e dividiamo il tutto per il numero totale di c.f.u., ovvero la somma dei fattori di ponderazione. 

Procediamo nel comporre l’equazione utilizzando CFU come incognita;

1120 + (30) X (CFU) = 1160 + (29) X (CFU). 

Isoliamo CFU, ottenendo: CFU = 40. 

Questa è il numero di c.f.u. totale necessario affinché, ottenendo 30 ad un grande ipotetico esame del valore di 40 c.f.u., la media passi a 29.
Per capire quale sia il minimo di esami con valore massimo 12 c.f.u. ciascuno, dividiamo 40 / 12, ottenendo circa 3,3. 
Dunque il numero cercato è 4. 
"
"
Lo scorso anno, Marco aveva il doppio degli anni di quanti ne avrà suo fratello Luca tra 4 anni. Se Luca ora ha 11 anni, quanti anni avrà Marco l’anno prossimo? 

"#30#31#32#33#34#C#"
Sappiamo che Luca ora ha 11 anni e che tra 4 anni ne avrà dunque 15. 
Sappiamo poi, sulla base di questo, che Marco, lo scorso anno, aveva il doppio di 15 anni (ovvero degli anni che Luca avrebbe avuto dopo 5 anni da allora), aveva dunque 30 anni. 
Se lo scorso anno Marco aveva 30 anni, quest’anno ne ha 31 ed il prossimo ne avrà 32. 
"
"Gaspare decide di fare un piccolo viaggio. Si reca in un parco naturale dove poter passare la giornata in tranquillità. Tornando verso casa decide di fare benzina in quanto si accorge che la sua riserva stava terminando. Si ferma giusto in tempo ad un benzinaio avendo solamente 6 litri di benzina nel serbatoio. 
Il prezzo della benzina indicato è di 1.80 euro/l. 
Si ferma poi al supermercato che è 6 km a sud del benzinaio e 8 km ad est di casa sua. Per poter tornare a casa, tuttavia, deve tornare sui suoi passi fino al benzinaio e quindi imboccare una strada perfettamente rettilinea dal benzinaio a casa sua. 
Sapendo che la sua macchina percorre 11 km con un litro, e che aveva speso 108 euro di benzina, quanti litri di autonomia avrà una volta tornato a casa? 
"#58#60#62#64#66#D#"
Gaspare, spendendo 108 euro di benzina, aveva ricaricato il suo serbatoio di 60 litri di carburante. Questi 60 vanno sommati alla quota di carburante che però già aveva al momento del rifornimento (6), dunque al termine di questa sosta la benzina presente nel serbatoio ammonta a 66 litri. 
A partire dal suo rifornimento, Gaspare percorre 12 Km solamente per andare e tornare dal supermercato e si trova a dover arrivare a casa a partire dal benzinaio. 
Quanti Km separano il benzinaio da casa sua? Esattamente 10. Infatti assumendo come punti di riferimento il benzinaio, il supermercato e la sua casa, ciò che ne deriva è la formazione di un triangolo rettangolo i cui lati sono rappresentati da una terna pitagorica (6 Km, 8 Km, 10 Km).
La posizione reciproca dei luoghi in questione è deducibile dalle indicazioni del testo, infatti il supermercato si trova a sud del benzinaio e il supermercato è a est dell’abitazione. 
Da quando fa rifornimento percorre dunque 22 Km che, in termini di litri consumati ammontano a 2, in quanto la sua auto percorre 11 Km al litro. 
I litri di benzina residui nel suo serbatoio una volta giunto a casa sono quindi 64.  
"
"Oggi è il compleanno di Mario, il quale è un po’ più intelligente della media. 
Sulla sua torta di compleanno ha infatti scritto il numero 720, affermando che quello fosse il numero di tutte le parole ottenibili attraverso la permutazione semplice delle lettere che costituiscono il numero dei suoi anni appena compiuti. 
Quanti anni compie Mario?

"#5#6#7#8#9#A #"
Le permutazioni semplici di un certo numero di oggetti entro un certo numero di posti si ottengono attraverso il calcolo fattoriale di un certo valore. In questo caso dobbiamo innanzitutto capire quale sia il valore da prendere in considerazione e non farci ingannare! 
Mario afferma che 720 è fosse il numero di tutte le parole ottenibili attraverso la permutazione semplice delle lettere che costituiscono il numero dei suoi anni appena compiuti, questo vuol dire che dobbiamo scegliere quel numero (tra i proposti) che sia formato da un numero di lettere che, moltiplicato fattorialmente, restituisca 720. Un bel giro di parole, insomma. 
Il numero in questione è 5. Infatti la parola CINQUE ha 6 lettere e il numero 6, moltiplicato fattorialmente come 6! = 720; 6! = 6 X 5 X 4 X 3 X 2 X 1 = 720. 
"
"Alessandro ha di fronte a sé tre oggetti: una moneta con il numero 1 su una faccia e il 2 sull’altra, un comune dado a 6 facce un contenitore con all'intero le sagome di due numeri, 1 e 4.
A questo punto ha intenzione di tirare la moneta e lanciare il dado, moltiplicare i numeri che così ottiene, ottenendo un certo risultato. Qual è la probabilità che prelevando a caso la sagoma di un numero dal contenitore e moltiplicando il numero per il risultato prima ottenuto, Alessandro abbia ottenuto ora un numero dispari?
"#0,125#0,2#0,25#0,5#0,625#A#"
Per risolvere il quesito in modo rapido la prima osservazione da compiere è la seguente: qualsiasi numero Alessandro ottenga nella prima serie di operazioni, se venisse moltiplicato per 4, il numero pari nel contenitore, otterrebbe alla fine un numero pari (un qualsiasi numero, anche se dispari, moltiplicato per un numero pari restituisce un numero pari). 
D’altro canto solamente un numero dispari, moltiplicato per 1, restituisce un numero dispari. Allora capiamo che la prima condizione che si deve verificare è che il primo risultato sia un numero dispari. 
Come può avvenire? Ottenendo tutti numeri dispari nelle scelte a caso. 
Per far sì che questa situazione si verifichi, bisogna ottenere il numero 1 sulla moneta (1/2 di probabilità), quindi uno qualsiasi dei numeri dispari sul dado a sei facce (3/6 di probabilità, cioè 1/2). 
Il primo risultato risulta dispari con una probabilità che si ottiene moltiplicando 1/2 per 1/2, cioè 1/4.
Per stimare la probabilità che il primo risultato sia moltiplicato per il numero 1 (l’unico numero dispari tra 1 e 4), è sufficiente moltiplicare 1/4  e 1/2 (cioè la probabilità di pescare la sagoma del numero 1 e non del 4).
In conclusione 1/8 corrisponde proprio al 12,5 %.
 
"
"Considerando il problema presentato nel quesito precedente, qual è la probabilità che Alessandro abbia ottenuto invece un numero pari alla fine delle operazioni da lui fatte?

"#Poco più del 40 %#Poco meno 55 %#Poco più del 65 %#Poco più dell’85 %#Poco meno del 78 %#D#"
Per risolvere velocemente questo quesito è sufficiente aver presente che la probabilità che il numero sia pari è esattamente opposta alla probabilità che sia dispari. Il quesito precedentemente risolto restituiva questa probabilità, ovvero del 12,5 % ed è sufficiente sottrarre 100 – 12,5 per capire che la probabilità che il numero sia pari è 85 %.
Una probabilità molto elevata, infatti è sufficiente che uno soltanto dei valori casualmente estratti sia un numero pari per far si che il risultato complessivo delle operazioni sia un numero pari.

"
Quale di questi noti scrittori nacque nel diciottesimo secolo?  #Svevo#Pirandello#Joyce#Goethe#Gide#D#"
Tra i citati è lo scrittore, poeta e drammaturgo tedesco, Goethe, ad essere nato nel XVIII secolo, in particolare il 28 agosto 1749. 
Italo Svevo, infatti, pseudonimo di Hector Schmitz, nacque il 19 dicembre del 1861, Pirandello poco dopo, ovvero il 28 giugno del 1867. James Joyce nacque invece il 2 febbraio 1882 e lo scrittore francese Andrè Gide il 22 novembre del 1869. 
"
Quale delle seguenti proposizioni rappresenta il “motto dell’Unione Europea”, utilizzato per la prima volta nell'anno 2000? #Da molti, uno#Unità, nella diversità#Solidarietà nella difficoltà#Cooperazione, unione e pace#Europa: unità è solidità#B#"
Il motto che per la prima volta l’UE fece proprio nel 2000 è “Unità nella diversità” e questo sta ad indicare come, attraverso la costituzione dell'UE, gli europei siano riusciti ad operare insieme a favore della pace e della prosperità, mantenendo al tempo stesso la ricchezza delle diverse culture, tradizioni e lingue del continente.

"
In quali delle seguenti cellule avviene la scissione dell’ATP in ADP e Pi?#Epatociti#Eritrociti#Astrociti#Adipociti#Più di una altrenativa proposta è corretta#E#"La reazione in questione, la defosforilazione dell’ATP, avviene in tutte le cellule dell’organismo ed è la principale reazione attraverso cui ricaviamo energia dall’ATP. Infatti, la struttura dell’ATP, adenosina con legati tre gruppi fosfato, permette di poter ottenere dalla molecola un gran quantitativo di energia, energia che poi sarà sfruttata dai processi che la richiedono (i processi cosiddetti “sfavoriti termodinamicamente”, spesso di anabolismo).
Quindi, se questa reazione non avvenisse in tutte le cellule del nostro organismo, l’organismo morirebbe in un batter d’occhio.
"
"Quale delle seguenti strtturer si trova in normalmente in una cellula batterica, come quella di Escherichia Coli?
1. Ribosomi
2. Lisosomi
3. Membrana plasmatica
4. Membrana nucleare
"#Solo 1# Solo 4#1 e 3#2 e 4#2 e 3#C#"I batteri sono caratterizzati dall’essere organismi procariotici nei quali sono completamente assenti gli organuli cellulari, quindi non troveremo mai i Lisosomi, che invece sono presenti in numerose copie nelle cellule eucariotiche e che svolgono compiti di degradazione e digestione di molecole estranee attraverso particolari enzimi detti Idrolasi Acide.
I Ribosomi sono invece presenti nella cellula batterica, in quanto, se fossero assenti, questa non potrebbe sopravvivere per l’assenza di sintesi di proteine utili al metabolismo del procariota. Si ricordi, però, che i ribosomi non sono affatto da considerarsi organuli cellulari, ma consistiono in un complesso sovramolecolare di RNA (quello ribosomiale) e proteine.
I Batteri non hanno un nucleo, quindi la Membrana Nucleare (un doppio bylayer fosfolipidico, due doppi strati) che negli eucarioti delimita il compartimento nucleare non è presente.
Infine la membrana plasmatica, che consta di un singono bilayer (cioè un solo doppio strato di fosfolipidi) è certamente presente a costituire la cellula batterica, qualunque essa sia. La membrana plasmatica è infatti il presupposto stesso alla base dell'esistenza della cellula. "
Quale dei seguenti ormoni non viene secreto dal Pancreas?#Polipeptide Pancreatico#Prolattina#Glucagone#Somatostatina#Più di una altrenativa proposta è corretta#B#"Iniziamo col dire che il Pancreas è una ghiandola anficrina, con una componente esocrina (con tutti gli enzimi che andranno a far parte del succo pancreatico, che digerisce alcune sostanze nell’intestino tenue) e una parte endocrina, le isole di Langerhans. Questi sono veri e propri isolotti immersi nel parenchima pancreatico esocrino, composte da diversi tipi di cellule. Le cellule alfa secernono glucagone, secreto quando i livelli di glucosio scendono troppo e il suo antagonista è secreto dalle cellule beta (l’insulina, viceversa, secreto quando i livelli di glucosio nel sangue si alzano sopra una certa soglia, infatti viene secreto in quantità importante dopo i pasti). Le cellule ""epsilon"" secernono grelina, invece le cellule ""delta"" secernono somatostatina. Una ulteriore popolazione cellulare che costituisce il parenchima endocrino della ghiandola consiste nelle cellule PP, che secernono intuitivamente il polipeptide pancreatico, il quale funge da regolatore della secrezione esocrina del pancreas stesso. Come deve invece apparire evidente, la ""prolattina"" è un ormone fuori luogo nel contesto pancreatico, ed è invece prodotto dall'adenoipofisi sotto il controllo ipotalamico mediato da fattori di rilascio."
"L’arteria polmonare parte ______, mentre l’aorta parte ______.  Per quanto concerne il sistema venoso, le vene polmonari sono ______ e arrivano ______, mentre la vena cava inferiore arriva ______. 
Completa il brano con la corretta successione di termini:
"#dal ventricolo destro; dal ventricolo sinistro;  4; all’atrio sinistro; all’atrio destro;#dal ventricolo sinistro; dal ventricolo destro; 2; all’atrio sinistro; all’atrio destro;#dall’atrio sinistro; dal ventricolo destro; 3; al ventricolo sinistro; all’atrio destro;#dall’atrio destro; dal ventricolo destro; 4; al ventricolo sinistro; all’atrio sinistro;#Il quesito è senza soluzione univoca e/o corretta#A#"Vediamo insieme le origini e gli arrivi dei vasi elencati nel quesito. L’arteria polmonare parte dal ventricolo destro, che è quello che tra i due ventricoli ha la parete più sottile. Contiene sangue ricco di CO2 e povero di O2, quindi è diretto ai polmoni e, a livello degli alveoli polmonari, avviene l’ossigenazione del sangue, che è portato poi attraverso le 4 vene polmonari all’atrio sinistro, mentre la CO2 prima presente a livello del sangue dell’arteria polmonare viene espirata. Come ricordarti che l’arteria polmonare parte dal ventricolo di destra? Semplice. Il ventricolo di destra, avendo una parete molto meno spessa rispetto a quello di sinistra (circa 1/3), spingerà con meno forza il sangue diretto ai polmoni. Ma tutto questo è compensato dal fatto che il circolo polmonare è a bassa resistenza, quindi, anche se la forza con cui il sangue arriva al polmone non è altissima, a livello del polmone il sangue non farà fatica a scorrere (proprio a causa della bassa resistenza oppost al circolo).
L’aorta invece originerà dal ventricolo sinistra.
Per quanto riguarda il sistema venoso, abbiamo già detto che le 4 vene polmonari arrivano all’atrio di sinistra, mentre la vena cava inferiore arriva all’atrio di destra. Dall’atrio destro il sangue arriverà, attraverso l’apertura della valvola tricuspide, al ventricolo destro -> arteria polmonare -> vene polmonari (atrio sinistro) -> apertura valvola bicuspide (mitrale, a sinistra) -> ventricolo sinistro -> aorta --> tessuti periferici.
"
La prima legge di Mendel sostiene che:#Incrociando due linee pure che differiscono per il fenotipo di un solo carattere, la progenie mostra uno solo dei fenotipi parentali#Ogni carattere è controllato da una coppia di fattori ereditari, trasmessi da genitori a figli attraverso i gameti#In meiosi, ogni copia di cromosomi si separa per far sì che un gamete ospiti un solo cromosoma della coppia#Sono omozigoti gli individui che hanno i due alleli di un carattere uguali e possono essere dominanti o recessivi#Il fenotipo di un figlio corrisponde a quello di uno dei due genitori quando questi sono omozigoti recessivi per un caratere recessivo#A#Come correttamente espresso dall’opzione A, la prima legge di Mendel, o legge della dominanza, afferma che se si incrociano due linee pure che differiscono per il fenotipo di un solo carattere, i figli che vengono fuori da questo incrocio mostrano solo uno dei fenotipi dei genitori. Il carattere che viene mostrato è definito dominante, mentre quelo che scompare è definito recessivo ed il genotipo della prole che stiamo in questo caso considerando è eterozigote.
"Quale delle seguenti affermazioni riguardanti il processo meiotico è scorretta?
1. Prima della meiosi riduzionale non avviene l'interfase;
2.  La fase M è scomponibile in 4 sottofasi, differendo dalla Mitosi per l’assenza dell’Anafase;
3.  Il crossing over, come nel processo mitotico, avviene in ""pachitene"";"#Solo 1#Solo 2#2 e 3#Tutte#1 e 3#D#"La Meiosi riduzionale è la prima delle due Meiosi e, all’inizio di questa, abbiamo ovviamente l’Interfase, in cui si ha la replicazione del DNA. Se non avessimo l’Interfase, con la propria sottofase ""s"" non si replicherebbe il materiale genetico della cellula germinale e questa è una condizione necessaria perchè si ottenga dapprima una coppia di cellule aploide (ma bicromatidica per ogni cromosoma) e poi, dalla meiosi equazionale, quattro gameti aploidi e con cromosomi monocromatidici (questo secondo processo, quello equazionale, non è introdotto invece da alcuna interfase). 
La fase M, quella di divisione, è scomponibile in 4 sottofasi: Profase, Metafase, Anafase e Telofase. Quindi, così come nella Mitosi, anche nella Meiosi è presente l’Anafase.
Infine, il crossing over, avviene sì in Pachitene, ma non avviene nella Mitosi, in quanto il crossing over è un processo che determina la variabilità genetica. Invece, nella Mitosi, da una cellula madre arriviamo a due cellule figlie identiche.
"
Nello studio di una sinapsi nervosa, è corretto affermare che:#L’aumento della concentrazione di Calcio intracellulare induce la fusione delle vescicole di neurotrasmettitore alla membrana postsinaptica#L’aumento della concentrazione di Sodio intracellulare, in seguito all’apertura dei canali voltaggio-dipendenti per il Sodio, induce l’iperpolarizzazione dell’assone del neurone presinaptico#Il Glutammato è il principale neurotrasmettitore inibitorio utilizzato nelle sinapsi del SNC#In ogni vescicola, contenuta nel terminale presinaptico, è inclusa una molecola di neurotrasmettitore pronto ad essere liberato, dopo esocitosi, nello spazio intersinaptico.#"L’acetilcolina è il neurotrasmettitore utilizzato per la sinapsi tra fibra nervosa ed il muscolo scheletrico, laddove questi costituiscono la ""placca motrice""."#E#"Facciamo una carrellata delle risposte e capiamo quale sia la corretta, quali sono le scorrette e perché.
A): tutto vero, se non fosse per quel membrana POSTSINAPTICA. Infatti, le vescicole di neurotrasmettitore, indotte da un aumento del Calcio intracellulare, si fondono alla membrana PRESINAPTICA.
B): Il canale per il Sodio voltaggio dipendente, se aperto, fa entrare gli ioni sodio (li fa entrare per gradiente elettrico, la membrana è infatti carica negativamente e il sodio positivamente e per gradiente chimico, infatti il sodio è molto più concentrato fuori che dentro e tende a muoversi da dove ce n’è tanto a dove ce n’è poco). Se fa entrare ioni sodio, fa entrare cariche positive, CHE DEPOLARIZZANO, quindi l'alternativa è da ritenersi falsa.
C): il Glutammato è il principale neurotrasmettitore ECCITATORIO, non inibitorio (inibitorio è il GABA).
D): Ogni vescicola contiene decine di migliaia di molecole di neurotrasmettitore, non una sola come il quesito vuole far intendere.
E) L'acetilcolina è proprio il neurotrasmettitore utilizzato per la trasmissione dell'impulso nervoso al muscolo scheletrico, come propone l'alternativa."
"Il Paratormone è un ormone prodotto ______, che sono ______ e che rilasciano questo ormone quando la concentrazione di ione Calcio nel sangue è ______. Possiamo quindi concludere che l’effetto di questo ormone è quello di ______ i livelli di Calcio circolanti. A livello renale ______ l’eliminazione di questo ione con le urine, mentre a livello osseo il Paratormone (PTH) determina ______, in accordo con il suo fine.
Completa il brano con la giusta sequenza di termini:"#dalle ghiandole surrenali, 2, bassa, innalzare, innalza, calcificazione#dalle ghiandole paratiroidi, 4, bassa, innalzare, diminuisce, decalcificazione#dalle ghiandole tiroidee, 3, alta, abbassare, innalzare, mineralizzazione#dalle ghiandole paratiroidi, 4, alta, abbassare, innalza, decalcificazione#dalle ghiandole ipofisarie, 2, bassa, innalzare, diminuisce, decalcificazione#B#Il Paratormone è un ormone che ha molteplici funzioni, in base all’organo che andiamo a considerare. Cominciamo col dire che è prodotto dalle ghiandole paratiroidee, che sono 4 e sono in stretta vicinanza alla Tiroide. Queste secernono Paratormone quando la concentrazione di Calcio nel sangue è bassa. Quindi, già da questo potremmo dedurre il suo effetto a livello renale e osseo. Infatti, il PTH riduce di molto l’eliminazione con le urine di Calcio, perché ne abbiamo poco nel sangue e dobbiamo riassorbirne il più possibile. Invece, a livello osseo, preleva del calcio, determinando decalcificazione, quindi “spostando” il Calcio dall’osso al sangue. Ci rendiamo conto quindi che tanto PTH in giro non faccia molto bene, perché indebolisce le ossa.
"Quale delle seguenti affermazioni sugli enzimi è corretta?
1. Esistono delle molecole di RNA che fungono da enzimi e vengono chiamate ribozimi
2. Un enzima è un catalizzatore, è quindi in grado di aumentare i prodotti di una reazione spostando a destra l'ideale equilibrio rappresentato dalla reazione di sintesi
3. Ogni volta che catalizza una reazione, un enzima riduce la sua efficienza catalitica, fino all'esaurimento della stessa.
4. L’aumento della velocità di una reazione imputabile ad un enzima dipende dal fatto che questo riduce il livello energetico associato al ""complesso attivato""."#1 e 3#Solo 2#Solo 3#1 e 4#2 e 4#D#"Gli enzimi sono dei catalizzatori biologici. Quesot significa che aumentano la velocità delle reazioni. MA come? Abbassando l’energia di attivazione delle reazioni, che è da immaginarsi come un muro che impedisce ad una reazione di iniziare e quindi di andare avanti. L'energia di attivazione è quella da fornire ai reagenti per raggiungere la conformazione del ""complesso attivato"", un termine molto frequentemente utilizzado per descrivere la configurazione dei reagenti, raggiunta tale energia di soglia. Tuttavia, gli enzimi intervengono SOLO nella risoluzione di problematiche cinetiche, inerenti quindi alla velocità di una reazione e non sono in grado, in nessun modo, di aumentare o diminuire i prodotti, intervenendo sulla modificazione dell'equilibrio di una reazione.
Un’altra importantissima caratteristica è che gli enzimi non si consumano, non riducono la propria efficienza dopo una reazione e quindi possono continuare a catalizzare tantissime altre reazioni senza essere intaccati nella funzionalità da queste.
Esistono anche delle molecole di RNA che fungono da enzimi, che sono appunto i ribozimi. Questi sono particolarmente presenti ed utilizzati da cellule molto semplici, come quelle procariotiche, non dotate di un apparato sintetico complesso. E' dunque un notevole vantaggio associare la proprietà di ""acido nucleico"" dell'RNA a quella ""catalitica"" dello stesso, sotto forma di un ribozima.
"
"Quale di queste cellule non è diploide, in condizioni fisiologiche?
1. Oogonio
2. Spermatogonio
3. Zigote
4. Trombocita
"#1, 2 e 3#Solo 1 e 2#Solo 3#Solo 4# Nessuna delle precedenti alternative è corretta#D#"Cominciamo dal Trombocita (ovvero la consueta ""piastrina""), che, così come l’Eritrocita, non ha nucleo nè materiale genetico, dunque non può ovviamente essere una cellula diploide.
Oogonio e Spermatogonio sono ancora diploidi, in attesa di andare in meiosi e diventare appunto aploidi come oociti e spermatozoi. Anche lo Zigote è infine diploide, perché non è altro che “l’unione” di due cellule aploidi (nell'uomo, con 22 autosomi e 1 cromosoma sessuale) quali lo spermatozoo e l'oocita, ovvero i gameti. 
"
"Durante la Meiosi I avviene l’appaiamento dei ______, mentre durante la Meiosi II avviene la separazione dei ______.
Completa il testo con la corretta successione di termini:"#cromatidi fratelli, cromosomi omologhi#quesito senza soluzione univoca e/o corretta#cromosomi omologhi, cromatidi fratelli#cromosomi omologhi, cromosomi omologhi#cromatidi fratelli, cromatidi fratelli#C#Durante la Meiosi 1 avviene l’appaiamento dei cromosomi omologhi, che sono uno paterno e uno materno. Ognuno di questi omologhi è “diviso” in due cromatidi fratelli, che derivano dalla replicazione del DNA in fase S e sono quindi identici ed uniti a livello del centromero. Pertanto, i cromatidi fratelli si dividono poi in Meiosi II. 
"Quale delle seguenti affermazioni riguardo la Glicolisi è non corretta?
1. Nella prima tappa del processo, il glucosio viene convertito in glucosio 1,6 bisfosfato, con consumo di 2 ATP;
2. Al termine del processo, si forma 1 molecola di NADH; 
3. Dal Glucosio, al termine del processo, si giunge alla formazione di una molecola dello ione dell'acido piruvico, il Piruvato;
"#Solo 2# Solo 3#1 e 2 # 1 e 3 #Quesito senza soluzione univoca e/o corretta#E#"Nella prima tappa il Glucosio viene convertito in Glucosio 6 fosfato, quindi viene aggiunto solo un fosfato e si consuma una sola molecola di ATP.
Anche nella seconda opzione è presente un errore: i NADH prodotti sono infatti due e non uno solo, per ogni molecola di glucosio.
Infine, nell’opzione 3 si dice che da un Glucosio (molecola a 6 atomi di carbonio) si arriva ad una molecola di Piruvato, il che non è vero, in quanto si arriva alla formazione di DUE molecole di Piruvato, con una struttura a 3 atomi di carbonio ognuna.
"
"Quale delle seguenti affermazioni relative agli eventi del ciclo ovarico è scorretta?
"#L'FSH provvede alla maturazione dei follicoli accolti nell tessuto dell'ovaio#Il fenomeno dell'ovulazione è introdotto da un rilevante picco dell'ormone ipotalamico luteinizzante#I livelli di estrogeni vengono incrementati grazie all'azione dell'ormone follicolo-stimolante#L'ormone LH cala drasticamente nella seconda metà del ciclo ovarico#Il progesterone è l'ormone steroideo che promuove la troficità dell'endometrio, nella seconda metà del ciclo ovarico#B#"L’FSH è l’ormone follicolostimolante, prodotto dalla ghiandola pituitaria, o ipofisi, che ha proprio l’azione di far maturare i follicoli, ma solo uno andrà incontro a maturazione. 
L’LH, prodotto dall’ipofisi (e non dall’ipotalamo come il quesito invece sostiene), è secreto massivamente subito prima dell’inizio della fase ovulativa, intorno al 14esimo giorno di ciclo. Questo stesso ormone, dopo aver garantito l'ovulazione, vede i propri livelli calare drasticamente e mantenere un livello basso per tutta la seconda metà del ciclo. A cosa serve l’LH (ormone luteinizzante)? Alla formazione del corpo luteo ed al mantenimento (sebbene transitorio) della sua troficità. Il progesterone, ormone steroideo che prevale nettamente su altri mediatori nella seconda metà del ciclo, mantiene trofica la mucosa endometriale in attesa dell'impianto atteso dopo la fecondazione.
"
Due genitori eterozigoti per un carattere dominante generano un figlio. Qual è la probabilità che il figlio generato sia maschio e dimostri un fenotipo uguale a quello dei genitori per il carattere considerato?#1#0,75#0,5#0,375#0,25#D#Se i due genitori sono eterozigoti (Aa) per il carattere considerato, incrociandoli in un quadrato di Punnet otteniamo 4 possibili genotipi per lo stesso carattere: AA, Aa, Aa, aa. Nei tre quarti dei casi (AA, Aa, Aa), il figlio mostrerebbe il carattere perchè questo è dominante e si esprime anche in condizione di eterozigosi. Non si esprimerebbe in alcun modo, invece, nel restante quarto dei casi, in cui il genotipo generato è appunto omozigote recessivo (aa). Ai tre quarti di probabilità fino ad ora consdierati dobbiamo moltiplicare anche il 50 percento di probabilità che il figlio generato sia maschio (e lo facciamo assumento correttamente che siano identiche le probabilità di generare un figlio o una figlia). Moltiplicando tre quarti per un mezzo otteniamo tre ottavi, che è la risposta da scegliere.
Qual è il numero di molecole di DNA presenti nel nucleo di una cellula eucariotica umana non mutata, appena attraversata l'interfase che preclude alle fasi di divisione meiotica?#23#46#69#92#Più di 92#D#"Una cellula umana non mutata che intraprende il processo meiotico possiede 46 cromosomi, disposti in 23 coppie. Durante la fase ""s"" dell'interfase, subito precedente alle fasi di divisione meiotica, il materiale genetico viene interamente duplicato e ogni cromosoma, prima di questo momento monocromatidico, diventa costituito da due cromatidi, tenuti assieme a livello del centromero. Sapendo che ogni cromatidio è una molecola di DNA indipendente, è facile rispondere che il numero di molecole di DNA nel momento indicato dal quesito è proprio il doppio di 46, cioè il doppio del numero di cromosomi (perchè ognuno di essi diventa costituito da due molecole di DNA, i cromatidi fratelli). Il doppio di 46 è quindi 92 molecole di DNA. "
"Si scelga l'alternativa che descirve in maniera scorretta gli avvenimenti nel corso della contrazione muscolare (di una fibrocellula muscolare scheletrica, striata).
"#Si verifica l'accorciamento complessivo del sarcomero#"Si verifica l'accorciamento della ""banda A"" nel sarcomero"#"Si verifica l'accorciamento della ""banda H"" nel sarcomero "#"Si verifica un allungamento della ""linea Z"" nel sarcomero"#Nessuna delle alternative proposte è corretta#B#"La contrazione muscolare prevede un accorciamento del sarcomero (che è la porzione di miofibrilla compreso tra due linee Z contigue), la banda A invece (detta A perché ""Anisotropa"", è composta da filamenti di miosina e filamenti di actina sovrapposti) mantiene la sua lunghezza durante la contrazione del sarcomero. Le linee Z sono punti di ancoraggio per le molecole proteiche che costituiscono il sarcomero e, nel corso della contrazione, non modificano le proprie caratteristiche.
La banda H, invece, che è individuabile al centro della banda A, via via scompare durante la contrazione, proprio a causa dello scorrimento dell'actina sulla miosina promosso dall'idrolisi dell'ATP. Al centro della banda H troviamo una linea più scura, detta linea M, formata da proteine che interconnettono i filamenti di miosina.
"
Quale tra le patologie di seguito proposte prevede una trasmissione legata al sesso (ovvero alla trasmissione di un cromosoma sessuale)?#Fibrosi cistica#Rutilismo#Daltonismo#Fenilchetonuria#Corea di Huntington#C#Tra le malattia proposte, solamente il daltonismo possiede una trasmissione associata al cromosoma X (un cromosoma sessuale e non autosomico, appunto). Questo vuol dire che i soggetti maschi, che possiedono un solo cromosoma X, avranno molta più probabilità di essere daltonici rispetto alle donne, che possiedono due cromosomi X, ricevuti dai due genitori. Se la madre di un soggetto maschio è affetta o portatrice di daltonismo e cede il suo cromosoma X mutato al figlio, questo sicuramente sarà daltonico.
"Quale/i dei seguenti composti organici è da considerarsi un polimero?
1. Acido deossiribonucleico
2. Glicogeno
3. Saccarosio
4. Maltosio
"#Solo 2#1 e 2#1, 2 e 4#3 e 4#Tutti i proposti#B#Un polimero è una sequenza periodica e prevedibile di monomeri. Il DNA è appunto un insieme di monomeri, quindi di nucleotidi legati tra di loro. Stesso principio segue il Glicogeno, composto che viene formato per immagazzinare Glucosio ed è intuitivamente utilizzato a scopo di riserva energetica facilmente mobilitabile. Il Saccarosio (glucosio e fruttosio) ed il Maltosio (glucosio e glucosio), invece, non sono affatto molecole polimeriche, ma disaccaridi ottenuti dall'apposizione di succheri semplici. Può confondere il Maltosio, un disaccaride costituito esclusivamente da due molecole di glucosio legate attraverso un legame alfa,1-4 glicosidico. Questa molecola così piccola non è tuttavia considerabile un polimero, ma al più un piccolo oligomero.
"Si consideri il seguente equilibrio mobile in fase gassosa, valutando quale delle seguenti alternative rispecchi correttamente il comportamento del sistema a seguito di una perturbazione dello stesso.
NOBr <- -> NO + Br2

"#Una diminuzione del volume del contenitore stagno in cui avviene la reazione porta l’equilibrio ad evolvere verso destra#Considerando la reazione proposta come esotermica, è corretto affermare che un aumento della temperatura alla quale si svolge la reazione porti l’equilibrio a spostarsi verso destra#L’aggiunta di un catalizzatore capace di intervenire sulla reazione  porterebbe la stessa a favorire la formazione di prodotti, causando quindi una evoluzione verso destra dell’equilibrio#L’aggiunta di monossido d’azoto (gassoso) al sistema porta lo stesso ad evolvere verso destra#Nessuna delle alternative proposte è corretta#E#"Discutiamo ogni alternativa e cerchiamo di togliere ogni dubbio riguardo la risoluzione di questo tipo di quesiti, di frequenza praticamente certa al test. 
Il primo passo da compiere è bilanciare la reazione proposta, una svista su questo fronte chiaramente porterebbe fuori strada qualsiasi altro ragionamento successivo. 
La reazione correttamente bilanciata è la seguente: 2NOBr <-- --> 2NO + Br2;
L’alternativa A è scorretta in quanto l’effetto che la perturbazione proposta avrebbe è opposto a quello proposto nell’opzione. Diminuire il volume significa aumentare la pressione alla quale l’equilibrio vige. In queste condizioni (in cui la somma dei coefficienti stechiometrici dei termini di reazione è maggiore a destra che a sinistra) l’equilibrio dovrebbe evolvere verso sinistra. 
Discutiamo per ultima l’alternativa B, la più complessa da valutare.
L’alternativa C è scorretta in quanto un catalizzatore non può che accelerare sia la reazione verso destra che quella verso sinistra nell’equilibrio, in questo modo non promuove la formazione di prodotti (come affermato nell’opzione) ma rende semplicemente più dinamico l’equilibrio, che viene però mantenuto tale.
L’alternativa D è facilmente scartabile in quanto una aggiunta di un termine di reazione a destra (come in questo caso) porta l’equilibrio a consumare quell’eccesso evolvendo verso sinistra e non a destra come affermato nell’opzione.
Alternativa B: la temperatura gioca un ruolo un po’ diverso rispetto a tutti gli altri fattori che perturbano un equilibrio. Infatti la variazione di temperatura è l’unico fattore che è capace di influenzare direttamente la costante di equilibrio del sistema. 
Cosa vuol dire modificare la costante di equilibrio? 
Ogni equilibrio è descritto da una cosante, definita come il rapporto tra la concentrazione dei prodotti (ognuno elevato al proprio coefficiente stechiometrico) e la concentrazione dei reagenti. 
Se la costante di equilibrio aumenta il proprio valore, quindi, vuol dire che i prodotti sono aumentati, cioè l’equilibrio si è spostato a destra. Mentre se la costante diminuisce di valore, vuol dire che il denominatore del rapporto appena considerato è aumentato, dunque l’equilibrio si è spostato verso sinistra. 
Come fare a capire quale effetto ha la variazione di temperatura sulla costante di equilibrio?
Per una reazione esotermica (come quella proposta), l’aumento di temperatura fa diminuire il valore della costante, dunque sposta l’equilibrio verso sinistra (e non verso destra come propone l’opzione). 
Per capire più nel dettaglio come una reazione esotermica piuttosto che una reazione endotermica venga modificata dal variare della temperatura, ti consiglio di leggere la spiegazione sull’equilibrio mobile di Le Chatelier postata in pagina qualche giorno fa! 
Alla luce di quanto esposto, quindi, nessuna alternativa proposta è corretta. 
 
"
"Calcolare il pH di una soluzione composta da 10 litri di acqua e 530 grammi da grammi di cloruro d’ammonio (NH4Cl), sapendo che la costante basica Kb dell’ammoniaca è 5,5 X 10^-10

[Cl: 35 u.m.a.; N: 14 u.m.a.]
"#Poco minore di 3#Compreso tra 3 e 4#Compreso tra 4 e 5#Compreso tra 5 e 6#Poco maggiore di 6#C#"Per arrivare al risultato del quesito bisogna innanzitutto capire il tipo di reazione da considerare per il calcolo del pH. Quando viene disciolto il cloruro d’ammonio in acqua, questo sale dà origine ad una reazione di idrolisi acida.
Cos’è l’idrolisi e quale tipo di composti da vita a questo tipo di reazione?
Si definisce idrolisi il processo per cui uno ione, in soluzione, reagisce con l'acqua e genera una variazione di pH a seguito della generazione di ossidrili (OH-) o protoni. A comportarsi secondo quanto detto sono alcuni Sali, cioè quelli che si formano per reazione tra un acido debole ed una base forte oppure tra una base debole ed un acido forte (come nel nostro caso). Il cloruro di ammonio è il sale che si forma quando reagiscono HCl e ammoniaca ed in soluzione acquosa il sale si dissocia completamente (come tutti i Sali) nelle sue componenti ioniche: Cl- e NH4+.
Cl- è lo ione che proviene dell'acido forte e, anche se dovesse reagire con l'acqua in soluzione (Cl- + H2O = HCl + OH-) porterebbe alla produzione di HCl che si dissocerebbe subito, rigenerando Cl- e H2O. Quindi questo ione non promuove un fenomeno di idrolisi basica o acida. Differentemente si comporta invece lo ione ammonio, che genera il seguente equilibrio: NH4+ + H2O = NH3 + H3O+.
Questa volta l'equilibrio non è repentino come quanto detto per lo ione cloro, infatti NH3 è una base debole e quindi non reagisce subito con lo ione idronio che si è generato.
In questa equazione comprare la formazione di un protone (H3O+, lo ione idronio), quindi il processo è di idrolisi ACIDA.
La formula da scrivere perfino nella carta igienica per trovare il pH di una soluzione del genere è la stessa che usiamo per trovare il pH di una soluzione composta da un acido debole. Dunque ci armiamo della Ka dell’ammoniaca e della concentrazione del sale (concentrazione che è ovviamente uguale a quella dell’ammoniaca).
pH = -Log di (radice quadrata del prodotto tra Ka e concentrazione del sale). Facilissimo.
La concentrazione del sale si calcola facilmente: M.M del cloruro di ammonio è 53, dunque per calcolare le moli dividiamo i grammi/M.M. Capiamo così che le moli di cloruro di ammonio sono 10. La molarita è uguale a 10/10, cioè le moli fratto i litri di acqua.
Ka X 1 = Ka;
Radice di Ka = 10^-5(2,4 circa);
-Log di 10^-5(2,4 circa) = -log10^-5 + (-log2,4);
= 5 – 0,4( circa) = 4,6 circa.
Puo’ forse sembrarti complesso un calcolo come questo ma, in realtà, può essere davvero semplice, ma per spiegartelo ancora meglio ho bisogno di una lavagna ed un pennarello, quindi ti aspetto ad un nostro corso estivo!
"
Nell’acido ?-amminobutirrico, l’ossigeno ha numero di ossidazione:#2#1#0#-1#-1#E#"Piccola domanda a trabocchetto. Il GABA (l'acido gamma amminobutirrico) è stato inserito nel testo della domanda unicamente per disorientare chi non fosse completamente sicuro delle proprie conoscenze. L’ossigeno, infatti, ha sempre numero di ossidazione -2, tranne che nei perossidi (es. H2O2) in cui il suo n. ossidazione è -1.
"
L’ossidazione di etanolo ci porterebbe ad ottenere:#acetaldeide#etanale#etanone#formalina#quesito con risposta non univoca o corretta#E#"L’ossidazione di un alcol, in chimica organica, può portare a due composti:
- Aldeide, se l’alcool di partenza è primario
- Chetone, se l’alcool di partenza è secondario
L’etanolo è un alcool primario (l’atomo di carbonio legato ad -OH è legato ad un solo atro atomo di carbonio), per cui il prodotto che ci aspettiamo è un’aldeide, l’etanale.
Nella domanda, però, è fornita tra le risposte l’acetaldeide, che altro non è che un altro nome dell’etanale. Per cui la risposta corretta è la E.
"
"Nella seguente reazione redox:
3 Hg2+ + 2 Fe (s)   3 Hg2 + 2 Fe3+ 
"#Hg è il riducente#Fe è l'ossidante#Fe si riduce#Hg si ossida#Le moli di Hg sono superiori a quelle di Fe#E#"Nonostante la reazione citata sopra sia una redox, non bisogna lasciarsi trarre in inganno e scartare automaticamente tutte le risposte che (apparentemente) non c’entrano con essa.
Tra le prime quattro risposte fornite, infatti, non figura quella corretta: Il ferro si ossida e il mercurio si riduce. La risposta corretta, quindi, per quanto sia una constatazione banale, è la E.
"
Quali sono l’angolo di legame e la struttura tridimensionale del metano, deducibili secondo la teoria VSEPR? #struttura = tetraedrica; angolo di legame = 109,5°#struttura = planare quadrata; angolo di legame = 90°#struttura = piramidale a base quadrata; angolo di legame = 107°#struttura = piramidale a base quadrata; angolo di legame = 109,5°#struttura = tetraedrica; angolo di legame = 90°#A#Molecole con struttura AX4 (uguale a quella dello ione ammonio), aventi quattro legami e nessun doppietto solitario sull’atomo centrale, assumono geometria tetraedrica regolare, con angolo un di legame tra un lato e l’altro di 109,5 gradi. La teoria VSEPR, nominata nel testo del quesito, permette proprio di giungere a queste conclusioni conoscendo il numero ed il tipo di legami e orientando gli stessi secondo la massima repulsione possibile. Se ci fossero stati elettroni di non legame presenti sull'atomo centrale, questi avrebbero distorto la conformazione spaziale della molecola, costringendo i legami a non disporsi ad una distanza angolare della gradazione prima nominata, ma sostanzialmente inferiore, in una struttura più tesa.
"Bilanciare la seguente reazione chimica inserendo i corretti coefficienti stechiometrici, quindi indicare quanti grammi di cloruro di sodio vengono prodotti se a reagire (completamente) sono 1035 grammi di cloruro di bario. [Ba: 137 u.m.a.; Cl: 35 u.m.a.; Na: 23 u.m.a.]
BaCl2 +  Na3PO4 ----->  Ba3(PO4)2 + NaCl;

"#348 g#174 g#464 g#580 g#696 g#D#"Per risolvere il quesito è necessario dapprima bilanciare la reazione. I coefficienti stechiometrici corretti da attribuire ai termini di reazione sono i seguenti: 3, 2, 1, 6. In questo modo il bilanciamento di tutte le specie viene rispettato, così da capire i rapporti in termini di moli consumate e prodotte che sussiste nell’ambito della reazione. 
Il secondo punto del quesito può quindi essere svolto velocemente: calcoliamo quante a moli di cloruro di bario corrispondano i 1035 grammi indicati. Moli = grammi/Massa molare. 
La massa molare è calcolabile sulla base dei pesi atomici forniti, come somma algebrica di questi, dunque 207 u.m.a. 
1035/205 = 5. 
Per sapere quanti grammi di cloruro di sodio vengano prodotti, bisogna prima sapere quante moli di cloruro di sodio vengano formati. Come poterci arrivare?
Ora sappiamo che a reagire sono 5 moli di cloruro di bario e, avendo bilanciato la reazione, sappiamo qual è la relazione stechiometrica che lega il cloruro di bario e il cloruro di sodio: 3 a 6. 
Per sapere allora quante moli di NaCl vengano prodotte instauriamo la proporzione 5 : 3 = x : 6. 
X è evidentemente uguale a 10. Vengono formate 10 moli di NaCl.
Per scoprire i grammi utilizziamo la medesima formula (Moli = grami/ Massa molare), ma in una sua forma inversa e capiamo che i grammi sono pari al prodotto tra la massa molare (in questo caso 58) e le moli.
58, moltiplicato 10, dà 580 grammi. 

"
"Quale delle seguenti affermazioni relative alle proprietà periodiche degli elementi sulla tavola periotica è scorretta? 
"#Le caratteristiche metalliche attribuibili ad un elemento aumentano di entità in modo generalmente inverso all’incremento dell’elettronegatività sulla tavola#Il raggio atomico del Silicio è più grande di quello dello Zolfo#L’energia di prima ionizzazione dell’Azoto è maggiore di quella del Cesio#L’energia di prima ionizzazione di un alogeno è inferiore a quella di un alcalino/terroso#Tutte le alternative descrivono correttamente le proprietà periodiche degli elementi#D#"Risposta corretta: D.
L’alternativa D afferma, in altre parole, che procedendo verso destra in un periodo, l’energia di ionizzazione diminuisca. Ricordando la teoria è facile capire che questo sia un errore in quanto l’energia di ionizzazione cresce da sinistra a destra lungo un periodo e dal basso verso l’alto in un gruppo. 
Come poter capirlo anche non ricordando a memoria le caratteristiche dell’andamento di questa proprietà periodica? 
Procedendo verso destra il numero atomico cresce, cresce quindi il numero di protoni nel nucleo e la massa positiva del nucleo stesso. Ogni elemento è neutro quindi ad una data carica positiva corrisponde una carica negativa altrettanto potente. Se abbiamo detto che questa carica positiva cresce verso destra, così come la negativa, la legge di Coulomb ci fa capire che l’attrazione tra le cariche diventa molto forte ed è sempre più difficile ionizzare un atomo. 
Un ragionamento analogo può essere fatto per capire come mai questa proprietà aumenti di entità procedendo verso l’alto in un gruppo. 
Procedendo verso il basso, gli elettroni vengono collocati a distanza dal nucleo progressivamente maggiore e questo deve farci riflettere. La legge di Coulomb racconta che l’entità dell’attrazione tra le cariche è inversamente proporzionale al quadrato della distanza tra le cariche stesse! Tutto acquista così senso. 
Si va verso il basso, aumenta la distanza, diminuisce l’attrazione, diminuisce l’energia che bisogna fornire per ionizzare l’atomo. 
Tutte le altre alternative sono chiaramente corrette ed è sufficiente ricordare la posizione relativa degli elementi per arrivare alle conclusioni necessarie (non riesci a ricordarlo come vorresti? Ci sono innumerevoli trucchetti… scrivici in pagina!).
Due parole sull’alternativa A.
Sappiamo che un metallo conduce la correte, ma perché è così? In quanto la massa di un metallo possiede elettroni molto mobili, poco “attaccati” ai nuclei di ogni atomo. Gli elettroni si possono muovere e generare corrente. E’ dunque ovvio che questo comportamento non andrebbe d’accordo con una grande elettronegatività di un atomo. L’elettronegatività è la propensione ad attrarre elettroni di legame, ma un metallo non lo fa, anzi è proprio il contrario come si evince dalle proprietà metalliche che conosciamo! 
"
Una soluzione è costituita da 20 litri d’acqua e due moli di un acido forte, completamente dissociato. Tre quarti della soluzione vengono scartati e solamente il resto viene posto in un recipiente, che conteneva 5 litri d’acqua. Si stimi il pH della soluzione ottenuta nel nuovo recipiente. #Poco minore di 1#Compreso tra 1 e 2#Poco maggiore di 2#Compreso tra 2 e 3#I dati forniti non sono sufficienti per rispondere al quesito#B#"
Il primo assunto da prendere in considerazione è che la concentrazione della soluzione non si modifichi affatto dividendo in più frazioni la soluzione stessa. In ogni frazione, la concentrazione molare dell’acido rimane la stessa della soluzione di partenza. A quando ammonta tale concentrazione?
M = 2 (le moli di acido) / 20 (i litri forniti), ovvero 0,1 M. 
A questo dobbiamo capire cosa accade quando una frazione di questa soluzione 0,1 M viene diluita. 
La frazione di soluzione che prendiamo in considerazione è di 5 litri (20/4) e viene diluita con altri 5 litri di acqua, ottenendo 10 litri di soluzione a concentrazione molare incognita. 
La relazione da applicare per stimarla, è banale: M V = M V. 
Come è intuitivo il prodotto M V fornisce un numero di moli. Questa relazione ha infatti senso perché in una diluizione non viene modificato il numero di moli di sostanza contenuta nell’acqua, ma viene modificato solo il volume della soluzione e di conseguenza la concentrazione molare. Dunque M V rimane costante. 
M di partenza è 0,1; il primo V da considerare è 5 litri, ovvero il volume che poi viene diluito e che contiene le moli che non varieranno; il secondo M è il termine da calcolare; il secondo V è il volume dopo la diluizione, ovvero 10 litri.

0,1 X 5 = M X 10; 
M = 0,5/10 = 0,05. 

Il pH, a questo punto, è il logaritmo negativo del valore ottenuto, ovvero -log (5 X 10^-2), 
che è pari a 2 – log(5). 
Log di 5 è certamente un valore compreso tra zero e uno ma non è importante sapere con precisione quale, in quanto il quesito richiede di capire l’intervallo di pH, che quindi è compreso tra 1 e 2. 
"
Quanti sono gli elettroni che devono ulteriormente essere posti negli orbitali degeneri 2p di un atomo (neutro) con numero atomico 6, per far sì che solo un elettrone nel sottolivello 2p abbia spin antiparallelo agli altri elettroni ospitati nello stesso sottolivello? #1#2#3#4#5#B#" 
L’atomo che viene considerato in questione, con sei protoni e sei elettroni, è il carbonio, tuttavia questa deduzione non è affatto necessaria al fine del corretto svolgimento del quesito.
Organizzando i sei elettroni a disposizione, questi vengono collocati dapprima in 1s, quindi in 2s e, i due rimanenti, vengono collocati in 2p. Ma in che modo? 
Il sottolivello p è composto da 3 orbitali p detti “degeneri” ovvero ad energia praticamente uguale. Secondo il principio di massima molteplicità di Hund, se più elettroni occupano orbitali degeneri, essi si distribuiscono con spin paralleli, sul numero massimo possibile di orbitali degeneri. In questo caso i due elettroni si collocano ognuno in un orbitale degenere, con spin uguale tra loro. 
Il quesito chiede di collocare un certo numero di elettroni per far si che un elettrone collocato abbia uno spin opposto a quello degli altri. Basta aggiungere due elettroni per giungere a questa situazione, infatti collocando un altro elettrone si occupa il terzo orbitale degenere (e in questo caso l’elettrone occupante questo terzo orbitale avrebbe comunque spin uguale a quello degli altri due) e collocandone un altro, quest’ultimo dovrebbe necessariamente occupare il primo dei tre orbitali degeneri con spin antiparallelo allo spin dell’elettrone che già occupava in solitario quell’orbitale degenere. 
Un giro di parole un po’ complesso, ma questo è un argomento che non si può non avere completamente chiaro per il test di ammissione. 
"
Le sostanze pure che compongono la materia sono: #Elementi#Composti#Miscugli#Elementi e Composti#Elementi, Composti e Miscugli#D#"Risposta corretta: D.
Quando classifichiamo la materia, nell’accezione più larga del termine, comprendiamo tutto ciò che possiede massa e che occupa uno spazio. La materia è a sua volta composta da sostanze pure e miscugli. 
Le sostanze pure, in particolare, mantengono le stesse proprietà chimico/fisiche in qualsiasi loro punto 
e si dividono in elementi e composti. 
Definiamone brevemente gli aspetti che ci permettono di considerarli sostanze pure:
Gli elementi (o sostanze elementari) non sono scindibili in sostanze più semplici, in quanto sono già costituite da atomi dello stesso tipo. Lo zolfo è fatto cioè da tanti atomi di zolfo.
I composti sono costituiti invece da elementi differenti e possono essere scomposti in questi attraverso reazioni chimiche, tuttavia, sebbene non siano quindi sostanze elementari sono da considerare come sostanze pure, infatti un litro di acido cloridrico puro possiede solamente questo tipo di sostanza al suo interno. 
Un miscuglio è invece una lega metallica, infatti nell’ambito di questa sono diverse le sostanze elementari che si possono riscontrare, come il ferro e il rame. 

"
Quale di queste molecole è caratterizzata dalla presenza di un legame dativo nel proprio contesto? #Idrossido di sodio#Anidride solforosa#Anidride solforica#Acido cloridrico#Piu di una sostanza nominata#E#"Risposta corretta: E. 
Per rispondere a questo quesito è chiaramente necessario conoscere le formule di struttura dei composti nominati: NaOH, SO2, SO3, HCl. 
Un legame dativo si forma quando ad un certo atomo (o molecola) manca esattamente un doppietto elettronico per raggiungere la configurazione elettronica stabile e una molecola può donare questo doppietto all’atomo in questione. Condizione necessaria: la molecola “donatrice del doppietto” deve aver completato il proprio ottetto. 
Disegnando l’acido cloridrico e l’idrossido di sodio, capiamo che in queste molecole non vige un legame del genere, come invece accade in entrambi i rimanenti casi, ovvero per SO2 e SO3. 

SO2 e SO3: 
Lo zolfo, del sesto gruppo, possiede sei elettroni di valenza (come anche l’ossigeno), dunque ha bisogno di altri due elettroni per completare il proprio ottetto (come anche l’ossigeno). 
Il legame con uno dei due atomi di ossigeno è quindi un legame covalente non dativo, in cui sia l’ossigeno sia lo zolfo mettono in compartecipazione un doppietto, così che entrambi raggiungano l’ottetto. 
Ma lo zolfo, a questo punto, possiede due doppietti liberi. 
Nel caso di SO2, uno solo di questi doppietti è condiviso con l’ossigeno (che dal canto suo si limita a riceverli completando l’ottetto e non condivide nulla). Nel caso di SO3 sono due i doppietti che lo zolfo condivide, chiaramente con due atomi di ossigeno (che ne ricevono uno a testa, completando l’ottetto e non condividendo nulla). 
Un po’ complesso, ma con calma anche questo argomento (se fino ad ora ti era ostico), comincerà a diventarti perfettamente familiare. 
"
Le provette di un’ultracentrifuga che ruota a 1000 giri al secondo contengono un liquido in cui sono sospese delle molecole di massa dell’ordine di  kg. Se una di queste molecole si trova a 0,1 m dal centro di rotazione, quanto vale la forza centrifuga che agisce su di essa?#Circa 4??10?^(-16) N#Circa ?10?^(-15) N#Circa ?10?^(-16)N#Circa 3??10?^(-15)N#Circa 4??10?^(-15)N#A#"Occorre ricordare che la forza centrifuga è di verso opposto ma uguale in modulo alla forza centripeta, quindi dobbiamo calcolare proprio la forza centripeta.
Formula: forza centripeta = massa per accellerazione centripeta
Fc=m X ?^2 X r

? corrisponde alla velocità angolare, e si trova a partire dalla frequenza, secondo la formula: f=?/2?
Dunque: ?=2?f=2000?.
Sostituendo ? nella formula della Fc, otteniamo:


Fc=?10?^(-22) ?(2000?)?^2×?10?^(-1)= 4×?10?^(-16)
"
I cateti AB e AC di un triangolo rettangolo ABC misurano rispettivamente 3 e 4 cm. Quanto vale la misura delle loro proiezioni sull'ipotenusa?#4/6 e 7/3#6 e 2 #8/3 e 4/3#9/5 cm e 16/5 cm#Nessuna delle alternative proposte è corretta#D#"Consideriamo il triangolo ABC, retto in A, con AH altezza relativa all'ipotenusa.
 Quindi avremo che AB=3 e AC=4. Per conoscere proiezioni relative all'ipotenusa, dovremo usare il primo teorema di euclide che ci dice che il cateto minore e' medio proporzionale con le proiezioni dei cateti sull'ipotenusa. 
Nel nostro caso avremo che BH:AB=AB:BC. 
L'ipotenusa la possiamo facilemnte conoscere poiche' se i due cateti sono 3 e 4, il triangolo sara' un triangolo perfetto, quindi l'ipotenusa varra' 5. (alternativamente si poteva applicare il teorema di pitagora).
Dunque sostituendo i dati avremo che  BH : 3 = 3 : 5, da cui otteniamo che BH vale 9/5. Conoscendo il valore intero dell'ipotenusa e il valore di una proiezione, la seconda proiezione sara' 5 - 9/5 ovvero 16/5.
"
"Il ciclo di Carnot è costituito da:
1. Due trasformazioni adiabatiche
2. Due trasformazioni isocore
3. Due trasformazioni isobare
4. Due trasformazioni isoterme
"#Solo 2#2 e 3#Solo 4 #1 e 4#1 e 2 #D#Il ciclo di Carnot è una particolare successione di trasformazioni termodinamiche che permette a una macchina termica di avere il massimo rendimento termodinamico. Questo è formato da due trasformazioni adiabatiche reversibili e due isoterme reversibili
L’espressione sen(x) X cos(x) è uguale a:#cos(x^2)#sen(x^2)#1/2sen2x#(senx)^2#(cosx)^2#C#"Per rispondere al quesito è sufficiente ricordare la formula di duplicazione del seno o del coseno:
per esempio: sen2x = 2sen(x) X cos(x). Dividendo entrambi i membri per 2 abbiamo proprio che sen(x) X cos (x) = 1/2sen2x, che è il valore cercato.
"
Dato il segmento di estremi A (-5/3; 4) e B (9; 6), si determinino le coordinate del punto C sul segmento AB, tale che AC sia pari ad un terzo di BC.#1; 9/2#5/9; 4/3#3; 2#5/9; 2#Nessuna delle alternative proposte è corretta#A#"Il quesito chiede di trovare le coordinate (x_C; y_C).
Poiché AC = 1/3CB, si può assumere che 
x_C-x_A=  1/3 (x_B-x_C )   ? x_C-(-5/3)=1/3 (9-x_C )? x_C = 1
e, analogalmente, 
y_C-y_A=  1/3(y_B-y_C) ?y_C-4=  1/3(6-y_C) ? y_C = 9/2
"
"Una gru solleva una trave di 260 kg con una velocita di 1,5 m/s. 
Quanti montacarichi con potenza pari a 190 W servirebbero per sviluppare una potenza pari a quella della gru mentre solleva la trave?
"#Circa 40#Circa 20 #Circa 10# Esattamente 4#Esattamente 2#A#"Per rispondere al quesito bisogna trovare la potenza sviluppata dalla gru e dividerla per quella sviluppata dai singoli montacarichi. 

Sapendo che: 
1- la potenza P è uguale al rapporto tra il lavoro eseguito L e tempo impiegato t
2- il lavoro L è uguale prodotto della forza F per lo spostamento S
3- la forza F (in questo caso la forza peso) corrisponde al prodotto della massa m per l’accelerazione di gravità g (9, 81 m/s^2). (NB: approssimare SEMPRE il valore dell’accelerazione di gravità a 10 m/s^2, in modo da velocizzare i calcoli).
otteniamo che: 
P = L/t = (F x S)/t = (m x g x S)/t
S/t  corrisponde a una velocità, quindi possiamo riscrivere la formula della potenza in questa maniera:
P = m x g x v

Risoluzione:
La gru ideale svilupperà quindi una potenza P = 240 x 10 x 1,5 = 3600 W
Il numero totale dei montacarichi si ottiene dal rapporto 3600/90 = 40
"
La scomposizione in fattori del polinomio x^4 - 6x^3 + ?11x?^2 - 4x - 4 è:#(x-1) × ?(x^3-2)?^2#(x-1) × ?(x-2)?^3#(x-1)^2 × (x+1)#(x-1)^2 × (x-3)^2#(x-1)^2 × (x-2)^2#E#"In questi casi noi, che odiamo in maniera fermamente spietata Paolo Ruffini e il suo metodo di scomposizione, procederemo facendo semplicemente alcune osservazioni sulle alternative, risparmiando una considerevole quantità di tempo.
Prima di tutto ci affrettiamo ad escludere la C, in quanto questo prodotto non da luogo a nessun polinomio di quarto grado, bensì di terzo, come è facile intuire osservando come vengano moltiplicati i gradi di X.
Possiamo poi escludere anche le alternative A, B e D, in quanto il prodotto fra i termini noti è diverso dal termine noto presente nel polinomio di consegna.
L’unica alternativa possibile è quindi la E, che come abbiamo appena visto non è nemmeno necessario svolgere per intero.
"
In una bacinella sono contenuti 150ml di acqua alla temperatura di 15C. Carlo, l’amico di Luca, versa all’interno della bacinella ben 6 l di acqua alla temperatura di 4C. Quale sarà la temperatura dell’acqua nella bacinella all’equilibrio terminco?#4#4,27#9,5#14,56#15#B#"I quesiti sull’equilibrio termico si risolvono calcolando una media ponderata tra i liquidi alle diverse temperature.

T_e = (T_1 × m_1 + T_2 × m_2) / (m_1 + m_2 ) =  (15 × 0,15 + 4× 6) / (0,15 + 6) = 4,27
Inoltre, il quesito era facilmente risolvibile evitando di perdere tempo nei calcoli: se  150ml (m_1) di acqua vengono diluiti in 6l (m_2), è intuibile pensare che la temperatura all’equilibrio si avvicini tantissimo alla temperatura di m_2, tuttavia non raggiungendola.
"
